{"cameraMode":{"drawMode":0,"name":"Shaded","section":"Shading Mode"},"sceneLighting":true,"audioPlay":false,"sceneViewState":{"showFog":true,"showMaterialUpdate":true,"showSkybox":true,"showFlares":true,"showImageEffects":true,"showParticleSystems":true},"in2DMode":false,"pivot":{"x":0.4261159896850586,"y":3.26318359375,"z":0.922454833984375},"rotation":{"x":-0.6956731677055359,"y":-0.0221865251660347,"z":0.021505111828446389,"w":-0.7177066802978516},"size":9.534158706665039,"orthographic":true}