{"cameraMode":{"drawMode":0,"name":"Shaded","section":"Shading Mode"},"sceneLighting":false,"audioPlay":false,"sceneViewState":{"showFog":true,"showMaterialUpdate":true,"showSkybox":false,"showFlares":true,"showImageEffects":true,"showParticleSystems":true},"in2DMode":false,"pivot":{"x":0.501929521560669,"y":-4.744612693786621,"z":9.408663749694825},"rotation":{"x":0.2274084836244583,"y":0.026289211586117746,"z":-0.006141277030110359,"w":0.9734284281730652},"size":11.945136070251465,"orthographic":false}