{"cameraMode":{"drawMode":0,"name":"Shaded","section":"Shading Mode"},"sceneLighting":false,"audioPlay":false,"sceneViewState":{"showFog":false,"showMaterialUpdate":false,"showSkybox":false,"showFlares":false,"showImageEffects":false,"showParticleSystems":false},"in2DMode":false,"pivot":{"x":0.28999072313308718,"y":-6.714805603027344,"z":12.845660209655762},"rotation":{"x":0.2638322710990906,"y":0.0072342283092439178,"z":-0.0019787889905273916,"w":0.9645418524742127},"size":16.284019470214845,"orthographic":false}