{"cameraMode":{"drawMode":0,"name":"Shaded","section":"Shading Mode"},"sceneLighting":false,"audioPlay":false,"sceneViewState":{"showFog":true,"showMaterialUpdate":true,"showSkybox":false,"showFlares":true,"showImageEffects":true,"showParticleSystems":true},"in2DMode":false,"pivot":{"x":0.22403238713741303,"y":-0.4288686513900757,"z":0.0008717775344848633},"rotation":{"x":-0.5116657614707947,"y":-0.05840761214494705,"z":0.03490098938345909,"w":-0.856498122215271},"size":2.4587221145629885,"orthographic":false}