{"cameraMode":{"drawMode":0,"name":"Shaded","section":"Shading Mode"},"sceneLighting":false,"audioPlay":false,"sceneViewState":{"showFog":true,"showMaterialUpdate":true,"showSkybox":false,"showFlares":true,"showImageEffects":true,"showParticleSystems":true},"in2DMode":false,"pivot":{"x":1.6148052215576172,"y":-3.1781511306762697,"z":27.385997772216798},"rotation":{"x":0.1601618528366089,"y":-0.11667588353157044,"z":0.019066233187913896,"w":0.9799896478652954},"size":41.807159423828128,"orthographic":false}