{"cameraMode":{"drawMode":0,"name":"Shaded","section":"Shading Mode"},"sceneLighting":true,"audioPlay":false,"sceneViewState":{"showFog":true,"showMaterialUpdate":true,"showSkybox":true,"showFlares":true,"showImageEffects":true,"showParticleSystems":true},"in2DMode":false,"pivot":{"x":-0.1882767677307129,"y":-0.21363449096679688,"z":0.2914161682128906},"rotation":{"x":-0.030694061890244485,"y":-0.965112030506134,"z":0.22393903136253358,"w":-0.132269948720932},"size":10.417825698852539,"orthographic":false}