{"cameraMode":{"drawMode":0,"name":"Shaded","section":"Shading Mode"},"sceneLighting":false,"audioPlay":false,"sceneViewState":{"showFog":true,"showMaterialUpdate":true,"showSkybox":false,"showFlares":true,"showImageEffects":true,"showParticleSystems":true},"in2DMode":false,"pivot":{"x":-0.19876787066459657,"y":-7.193563461303711,"z":8.949857711791993},"rotation":{"x":0.36761122941970827,"y":-0.016738824546337129,"z":0.006616796832531691,"w":0.9298139810562134},"size":13.361547470092774,"orthographic":false}