{"cameraMode":{"drawMode":0,"name":"Shaded","section":"Shading Mode"},"sceneLighting":false,"audioPlay":false,"sceneViewState":{"showFog":true,"showMaterialUpdate":true,"showSkybox":false,"showFlares":true,"showImageEffects":true,"showParticleSystems":true},"in2DMode":false,"pivot":{"x":52.560001373291019,"y":0.0,"z":52.88999938964844},"rotation":{"x":-0.6286408305168152,"y":-0.003035129513591528,"z":0.002453516237437725,"w":-0.7776868343353272},"size":241.39744567871095,"orthographic":false}