{"cameraMode":{"drawMode":0,"name":"Shaded","section":"Shading Mode"},"sceneLighting":false,"audioPlay":false,"sceneViewState":{"showFog":true,"showMaterialUpdate":true,"showSkybox":false,"showFlares":true,"showImageEffects":true,"showParticleSystems":true},"in2DMode":false,"pivot":{"x":0.2087024301290512,"y":-4.264786720275879,"z":4.271199703216553},"rotation":{"x":-0.42406022548675539,"y":-0.01683586649596691,"z":0.007886616513133049,"w":-0.9054535627365112},"size":7.6900482177734379,"orthographic":false}